URL,Status Code,Load Time,Title,Title Length,Meta Description,Meta Length,H1 Tags,Missing ALT Images,Broken Links,Broken Links List
https://glitterqueencreative.ca,200,0.079,Glitter Queen Creative: Handmade Jewelry & Custom Designs,57,"Explore Glitter Queen Creative's collection of handmade jewelry & accessories from Vancouver. Discover custom glasses chains, pendants, rhinestone pieces & more",160,1,2,2,"['https://www.etsy.com/shop/GlitterQueenCreative?ref=shop_sugg_market', 'http://webattraction.ca']"
https://glitterqueencreative.ca/about/,200,0.087,About Glitter Queen Creative | Handmade Jewelry & Accessories,61,Learn about the story behind Glitter Queen Creative and artisan Emily Daft. Discover her passion for crafting unique bohemian-inspired jewelry.,143,1,2,2,"['https://www.etsy.com/shop/GlitterQueenCreative?ref=shop_sugg_market', 'http://webattraction.ca']"
https://glitterqueencreative.ca/shop/,200,0.099,Shop Handmade Jewelry & Accessories | Glitter Queen Creative,60,"Shop our collection of bohemian-inspired handmade jewelry, including glasses chains, necklaces, earrings, headwear & sunglasses.",128,0,5,2,"['https://www.etsy.com/shop/GlitterQueenCreative?ref=shop_sugg_market', 'http://webattraction.ca']"
https://glitterqueencreative.ca/custom-jewelry-designs/,200,0.068,Custom Jewelry Design Services | Glitter Queen Creative,55,"Collaborate with Glitter Queen Creative on a custom jewelry design; glasses chains, feathered earrings & rhinestone accessories designed for you.",145,1,2,2,"['https://www.etsy.com/shop/GlitterQueenCreative?ref=shop_sugg_market', 'http://webattraction.ca']"
https://glitterqueencreative.ca/blog-queen/,200,0.076,Blog Queen Creative | Glitter Queen Creative,44,Find great tips for creative crafting on Blog Queen Creative brought to you by Glitter Queen Creative: Handmade Jewelry & Custom Designs,136,1,2,2,"['https://www.etsy.com/shop/GlitterQueenCreative?ref=shop_sugg_market', 'http://webattraction.ca']"
https://glitterqueencreative.ca/my-account/,200,0.117,My Account | Glitter Queen Creative,35,"Access ""My Account"" to track orders, manage custom design requests, earn loyalty rewards, and shop bohemian-inspired handmade jewelry and accessories.",150,0,2,2,"['https://www.etsy.com/shop/GlitterQueenCreative?ref=shop_sugg_market', 'http://webattraction.ca']"
https://glitterqueencreative.ca/contact/,200,0.073,Contact Us | Glitter Queen Creative,35,"Have questions or special requests? Contact Glitter Queen Creative to learn more about our handmade jewelry, custom designs, or shop policies. We're here to help.",162,1,2,2,"['https://www.etsy.com/shop/GlitterQueenCreative?ref=shop_sugg_market', 'http://webattraction.ca']"
https://glitterqueencreative.ca/cart/,200,2.937,Cart | Glitter Queen Creative,29,Cart. Review the handmade jewelry and accessories in you've selected,68,1,2,2,"['https://www.etsy.com/shop/GlitterQueenCreative?ref=shop_sugg_market', 'http://webattraction.ca']"
https://glitterqueencreative.ca/product/youth-flower-fantasy-sunglasses/,200,0.101,Youth Flower Fantasy Sunglasses | Glitter Queen Creative,56,"Youth Flower Fantasy Sunglasses - Add a touch of style with these youth flower fantasy sunglasses, perfect for festival and daily wear.",135,1,2,2,"['https://www.etsy.com/shop/GlitterQueenCreative?ref=shop_sugg_market', 'http://webattraction.ca']"
https://glitterqueencreative.ca/product/unakite-necklace/,200,0.062,Unakite Necklace | Glitter Queen Creative,41,"Unakite Necklace - Add a touch of style with these unakite necklace, perfect for festival and daily wear.",105,1,2,2,"['https://www.etsy.com/shop/GlitterQueenCreative?ref=shop_sugg_market', 'http://webattraction.ca']"
https://glitterqueencreative.ca/product/stone-pendant-necklace/,200,0.052,Stone Pendant necklace | Glitter Queen Creative,47,"Stone Pendant necklace - Add a touch of style with these stone pendant necklace, perfect for festival and daily wear.",117,1,2,2,"['https://www.etsy.com/shop/GlitterQueenCreative?ref=shop_sugg_market', 'http://webattraction.ca']"
https://glitterqueencreative.ca?add-to-cart=2058,200,0.087,Glitter Queen Creative: Handmade Jewelry & Custom Designs,57,"Explore Glitter Queen Creative's collection of handmade jewelry & accessories from Vancouver. Discover custom glasses chains, pendants, rhinestone pieces & more",160,1,2,2,"['https://www.etsy.com/shop/GlitterQueenCreative?ref=shop_sugg_market', 'http://webattraction.ca']"
https://glitterqueencreative.ca/product/ruby-zousite-necklace/,200,0.079,Ruby Zousite Necklace | Glitter Queen Creative,46,"Ruby Zousite Necklace - Add a touch of style with these ruby zousite necklace, perfect for festival and daily wear.",115,1,2,2,"['https://www.etsy.com/shop/GlitterQueenCreative?ref=shop_sugg_market', 'http://webattraction.ca']"
https://glitterqueencreative.ca/product/floral-headband/,200,0.067,Floral Headband | Glitter Queen Creative,40,"Floral Headband - Add a touch of style with these floral headband, perfect for festival and daily wear.",103,1,2,2,"['https://www.etsy.com/shop/GlitterQueenCreative?ref=shop_sugg_market', 'http://webattraction.ca']"
https://glitterqueencreative.ca?add-to-cart=2002,200,0.098,Glitter Queen Creative: Handmade Jewelry & Custom Designs,57,"Explore Glitter Queen Creative's collection of handmade jewelry & accessories from Vancouver. Discover custom glasses chains, pendants, rhinestone pieces & more",160,1,2,2,"['https://www.etsy.com/shop/GlitterQueenCreative?ref=shop_sugg_market', 'http://webattraction.ca']"
https://glitterqueencreative.ca/product/druzy-pendant-necklace/,200,0.072,Druzy Pendant Necklace | Glitter Queen Creative,47,"Druzy Pendant Necklace - Add a touch of style with these druzy pendant necklace, perfect for festival and daily wear.",117,1,2,2,"['https://www.etsy.com/shop/GlitterQueenCreative?ref=shop_sugg_market', 'http://webattraction.ca']"
https://glitterqueencreative.ca?add-to-cart=2001,200,0.077,Glitter Queen Creative: Handmade Jewelry & Custom Designs,57,"Explore Glitter Queen Creative's collection of handmade jewelry & accessories from Vancouver. Discover custom glasses chains, pendants, rhinestone pieces & more",160,1,2,2,"['https://www.etsy.com/shop/GlitterQueenCreative?ref=shop_sugg_market', 'http://webattraction.ca']"
https://glitterqueencreative.ca/product/druzy-glasses-chain/,200,0.067,Druzy Glasses Chain | Glitter Queen Creative,44,"Druzy Glasses Chain - Add a touch of style with these druzy glasses chain, perfect for festival and daily wear.",111,1,2,2,"['https://www.etsy.com/shop/GlitterQueenCreative?ref=shop_sugg_market', 'http://webattraction.ca']"
https://glitterqueencreative.ca/product/chocolate-agate-and-howlite-glasses-chain/,200,0.066,Chocolate Agate and Howlite Glasses Chain | Glitter Queen Creative,66,"Chocolate Agate and Howlite Glasses Chain - Add a touch of style with these chocolate agate and howlite glasses chain, perfect for festival and daily wear.",155,1,2,2,"['https://www.etsy.com/shop/GlitterQueenCreative?ref=shop_sugg_market', 'http://webattraction.ca']"
https://glitterqueencreative.ca/product/botswana-agate-pendant-necklace/,200,0.053,Botswana Agate Pendant Necklace | Glitter Queen Creative,56,"Botswana Agate Pendant Necklace - Add a touch of style with these botswana agate pendant necklace, perfect for festival and daily wear.",135,1,2,2,"['https://www.etsy.com/shop/GlitterQueenCreative?ref=shop_sugg_market', 'http://webattraction.ca']"
https://glitterqueencreative.ca/product/blue-topaz-chalcdony-crescent-moon-earrings/,200,0.108,Blue Topaz Chalcdony Crescent Moon Earrings | Glitter Queen Creative,68,"Blue Topaz Chalcdony Crescent Moon Earrings - Add a touch of style with these blue topaz chalcdony crescent moon earrings, perfect for festival and daily wear.",159,1,2,2,"['https://www.etsy.com/shop/GlitterQueenCreative?ref=shop_sugg_market', 'http://webattraction.ca']"
https://glitterqueencreative.ca?add-to-cart=1948,200,0.759,Glitter Queen Creative: Handmade Jewelry & Custom Designs,57,"Explore Glitter Queen Creative's collection of handmade jewelry & accessories from Vancouver. Discover custom glasses chains, pendants, rhinestone pieces & more",160,1,2,4,"['http://c07.83a.myftpupload.com/product-category/glasses-chains/', 'http://c07.83a.myftpupload.com/product-category/sunglasses/', 'https://www.etsy.com/shop/GlitterQueenCreative?ref=shop_sugg_market', 'http://webattraction.ca']"
https://glitterqueencreative.ca/product/bling-bling-pastel-pink/,200,0.112,Bling Bling Pastel Pink | Glitter Queen Creative,48,"Bling Bling Pastel Pink - Add a touch of style with these bling bling pastel pink, perfect for festival and daily wear.",119,1,2,2,"['https://www.etsy.com/shop/GlitterQueenCreative?ref=shop_sugg_market', 'http://webattraction.ca']"
https://glitterqueencreative.ca?add-to-cart=1946,200,0.084,Glitter Queen Creative: Handmade Jewelry & Custom Designs,57,"Explore Glitter Queen Creative's collection of handmade jewelry & accessories from Vancouver. Discover custom glasses chains, pendants, rhinestone pieces & more",160,1,2,2,"['https://www.etsy.com/shop/GlitterQueenCreative?ref=shop_sugg_market', 'http://webattraction.ca']"
https://glitterqueencreative.ca/product/black-onyx-and-pyrite-gold-plated-glasses-chain/,200,0.051,Black Onyx and Pyrite Gold Plated Glasses Chain | Glitter Queen Creative,72,"Black Onyx and Pyrite Gold Plated Glasses Chain - Add a touch of style with these black onyx and pyrite gold plated glasses chain, perfect for festival and daily wear.",167,1,2,2,"['https://www.etsy.com/shop/GlitterQueenCreative?ref=shop_sugg_market', 'http://webattraction.ca']"
https://glitterqueencreative.ca/,200,0.072,Glitter Queen Creative: Handmade Jewelry & Custom Designs,57,"Explore Glitter Queen Creative's collection of handmade jewelry & accessories from Vancouver. Discover custom glasses chains, pendants, rhinestone pieces & more",160,1,2,2,"['https://www.etsy.com/shop/GlitterQueenCreative?ref=shop_sugg_market', 'http://webattraction.ca']"
https://glitterqueencreative.ca/product-category/glasses-chains/,200,0.1,Glasses Chains | Glitter Queen Creative,39,"Elevate your eyewear game with our collection of stylish glasses chains. From delicate beadwork to bold gemstone embellishments, each chain is designed to add personality and flair to your eyewear. Crafted with care, our glasses chains combine functionality with fashion, making them a must-have accessory for festivals, work, or everyday wear.",344,0,2,2,"['https://www.etsy.com/shop/GlitterQueenCreative?ref=shop_sugg_market', 'http://webattraction.ca']"
https://glitterqueencreative.ca/product-category/sunglasses/,200,0.055,Sunglasses | Glitter Queen Creative,35,"Make a statement with our stunning collection of boho-inspired sunglasses. Each pair is thoughtfully adorned with rhinestones, unique frames, or handcrafted details to reflect your individual style. Whether you're dressing up for a sunny day out or adding a touch of sparkle to your ensemble, our sunglasses are the perfect blend of form and function.",351,0,3,2,"['https://www.etsy.com/shop/GlitterQueenCreative?ref=shop_sugg_market', 'http://webattraction.ca']"
https://glitterqueencreative.ca/product-category/necklaces/,200,0.046,Necklaces | Glitter Queen Creative,34,"Adorn yourself with elegance and charm from our collection of handcrafted necklaces. Each piece tells a story, featuring gemstones, pendants, and intricate designs that capture the essence of timeless beauty. Perfect for any occasion, our necklaces range from delicate chains to bold statement pieces, each crafted with meticulous attention to detail.",351,0,2,2,"['https://www.etsy.com/shop/GlitterQueenCreative?ref=shop_sugg_market', 'http://webattraction.ca']"
https://glitterqueencreative.ca/product-category/headwear/,200,0.072,Headwear | Glitter Queen Creative,33,"Add a touch of bohemian chic to your style with our collection of headwear. From festival-ready headbands adorned with rhinestones to everyday hair clips and accessories, our headwear is designed to make you stand out. Crafted to blend fashion and functionality, these pieces are perfect for expressing your unique personality",326,0,4,2,"['https://www.etsy.com/shop/GlitterQueenCreative?ref=shop_sugg_market', 'http://webattraction.ca']"
https://glitterqueencreative.ca/product-category/earrings/,200,0.05,Earrings | Glitter Queen Creative,33,"Frame your face with stunning handcrafted earrings that showcase your style and spirit. Our collection includes everything from minimalist studs to bold statement earrings with feather or gemstone details. Designed to complement any outfit, each pair is crafted with care, offering a touch of sophistication, whimsy, or dazzling charm.",335,0,2,2,"['https://www.etsy.com/shop/GlitterQueenCreative?ref=shop_sugg_market', 'http://webattraction.ca']"
https://glitterqueencreative.ca/product-category/bracelets/,200,0.18,Glitter Queen Creative: Handmade Jewelry & Custom Designs,57,"Explore Glitter Queen Creative's collection of handmade jewelry & accessories from Vancouver. Discover custom glasses chains, pendants, rhinestone pieces & more",160,1,2,2,"['https://www.etsy.com/shop/GlitterQueenCreative?ref=shop_sugg_market', 'http://webattraction.ca']"
https://glitterqueencreative.ca/checkout/,200,3.732,Cart | Glitter Queen Creative,29,Cart. Review the handmade jewelry and accessories in you've selected,68,1,2,2,"['https://www.etsy.com/shop/GlitterQueenCreative?ref=shop_sugg_market', 'http://webattraction.ca']"
https://glitterqueencreative.ca/store-policies/,200,0.053,Store Policies | Glitter Queen Creative,39,"View Glitter Queen Creatives Store Policies including: returns, terms and conditions, privacy policy and shipping information",125,1,2,2,"['https://www.etsy.com/shop/GlitterQueenCreative?ref=shop_sugg_market', 'http://webattraction.ca']"
https://glitterqueencreative.ca/crafting-chaaccessible-workspace/,200,0.047,Accessible Workspaces: Balancing Organization with Creativity | Glitter Queen Creative,86,"When it comes to accessible workspaces and storage, think about easy-access containers and open shelving to keep everything you need close by. Small bins for",157,1,2,2,"['https://www.etsy.com/shop/GlitterQueenCreative?ref=shop_sugg_market', 'http://webattraction.ca']"
https://glitterqueencreative.ca/rhinestones-in-crafting/,200,0.054,The Sparkling Versatility of Rhinestones in Crafting | Glitter Queen Creative,77,"In the world of DIY crafting, rhinestones stand out as a favorite for creators everywhere. Whether youâ€™re embellishing a pair of Festival Accessories or",152,1,2,2,"['https://www.etsy.com/shop/GlitterQueenCreative?ref=shop_sugg_market', 'http://webattraction.ca']"
https://glitterqueencreative.ca/cdn-cgi/l/email-protection,200,0.054,Email Protection | Cloudflare,29,,0,1,0,2,"['https://support.cloudflare.com/hc/en-us/articles/200170016-What-is-Email-Address-Obfuscation-', 'https://support.cloudflare.com/hc/en-us/categories/200275218-Getting-Started']"
https://glitterqueencreative.ca/wp-content/uploads/2024/11/Gold-Paint.png,200,0.096,,0,,0,0,0,0,[]
https://glitterqueencreative.ca/wp-content/uploads/2024/11/Purple-Gemstones.png,200,0.1,,0,,0,0,0,0,[]
https://glitterqueencreative.ca/wp-content/uploads/2024/11/Chrysocolla_Glasses_Chain_image1.jpg,200,0.153,,0,,0,0,0,0,[]
https://glitterqueencreative.ca/wp-content/uploads/2024/11/White_Wonder_image1-scaled.jpg,200,0.368,,0,,0,0,0,0,[]
https://glitterqueencreative.ca/wp-content/uploads/2024/11/Gold-Jewelry-Pieces.png,200,0.153,,0,,0,0,0,0,[]
https://glitterqueencreative.ca/wp-content/uploads/2024/11/Floral_Headband_image1-scaled.jpg,200,0.296,,0,,0,0,0,0,[]
https://glitterqueencreative.ca/wp-content/uploads/2024/11/Blue_Druzy_Pendant_Necklace_image2.jpg,200,0.113,,0,,0,0,0,0,[]
https://glitterqueencreative.ca/wp-content/uploads/2024/11/Cookie_Cookie_image1.jpg,200,0.497,,0,,0,0,0,0,[]
https://glitterqueencreative.ca/wp-content/uploads/2024/11/Chalcedony_and_Jade_Glasses_Chain_image3.jpg,200,0.208,,0,,0,0,0,0,[]
https://glitterqueencreative.ca/wp-content/uploads/2024/11/Store-Policies-Shipping.webp,200,0.282,,0,,0,0,0,0,[]
https://glitterqueencreative.ca/wp-content/uploads/2024/11/Pink-Flowers.png,200,0.118,,0,,0,0,0,0,[]
https://glitterqueencreative.ca/wp-content/uploads/2024/11/Sapphire-Blue-Stones.png,200,0.088,,0,,0,0,0,0,[]
https://glitterqueencreative.ca/wp-content/uploads/2024/11/Chalcedony_and_Jade_Glasses_Chain_image1.jpg,200,0.146,,0,,0,0,0,0,[]
https://glitterqueencreative.ca/wp-content/uploads/2024/11/Bling_Bling_Pastel_Pink_image1-scaled.jpg,200,0.224,,0,,0,0,0,0,[]
https://glitterqueencreative.ca/wp-content/uploads/2024/11/Pink-Crafting-Supplies.png,200,0.076,,0,,0,0,0,0,[]
https://glitterqueencreative.ca/wp-content/uploads/2024/11/Botswana_Agate_Pendant_Necklace_image2.jpg,200,0.094,,0,,0,0,0,0,[]
https://glitterqueencreative.ca/wp-content/uploads/2024/11/Sparkly-Rhinestones.png,200,0.111,,0,,0,0,0,0,[]
https://glitterqueencreative.ca/wp-content/uploads/2024/11/Cart.webp,200,0.156,,0,,0,0,0,0,[]
https://glitterqueencreative.ca/wp-content/uploads/2024/11/Gold-Paper-e1731406476700.png,200,0.097,Glitter Queen Creative: Handmade Jewelry & Custom Designs,57,"Explore Glitter Queen Creative's collection of handmade jewelry & accessories from Vancouver. Discover custom glasses chains, pendants, rhinestone pieces & more",160,1,2,2,"['https://www.etsy.com/shop/GlitterQueenCreative?ref=shop_sugg_market', 'http://webattraction.ca']"
https://glitterqueencreative.ca/wp-content/uploads/2024/11/Pink-Paper.png,200,0.076,,0,,0,0,0,0,[]
https://glitterqueencreative.ca/wp-content/uploads/2024/11/Ruby_Zousite_Necklace_image1-scaled.jpg,200,0.13,,0,,0,0,0,0,[]
https://glitterqueencreative.ca/product/ombre-heart-shaped-sunglasses/,200,0.085,Ombre Heart Shaped Sunglasses | Glitter Queen Creative,54,,0,1,1,2,"['https://www.etsy.com/shop/GlitterQueenCreative?ref=shop_sugg_market', 'http://webattraction.ca']"
https://glitterqueencreative.ca/product/unicorn-horn-clip-four-and-a-half-inch/,200,0.052,Unicorn Horn Clip - Four and a Half Inch | Glitter Queen Creative,65,"Unicorn horn clips available at Glitter Queen Creative. Multiple sizes, perfect for costumes and festivals to add unique flair to your style. Shop today.",153,1,2,2,"['https://www.etsy.com/shop/GlitterQueenCreative?ref=shop_sugg_market', 'http://webattraction.ca']"
https://glitterqueencreative.ca/product/unicorn-horn-clip-five-and-a-half-inch/,200,0.089,Unicorn Horn Clip - Five and a half inch | Glitter Queen Creative,65,"Unicorn horn clips available at Glitter Queen Creative. Multiple sizes, perfect for costumes and festivals to add unique flair to your style. Shop today.",153,1,2,2,"['https://www.etsy.com/shop/GlitterQueenCreative?ref=shop_sugg_market', 'http://webattraction.ca']"
https://glitterqueencreative.ca/shop/?add-to-cart=2368,200,0.936,Shop Handmade Jewelry & Accessories | Glitter Queen Creative,60,"Shop our collection of bohemian-inspired handmade jewelry, including glasses chains, necklaces, earrings, headwear & sunglasses.",128,0,5,2,"['https://www.etsy.com/shop/GlitterQueenCreative?ref=shop_sugg_market', 'http://webattraction.ca']"
https://glitterqueencreative.ca/shop/?add-to-cart=2058,200,0.122,Shop Handmade Jewelry & Accessories | Glitter Queen Creative,60,"Shop our collection of bohemian-inspired handmade jewelry, including glasses chains, necklaces, earrings, headwear & sunglasses.",128,0,5,2,"['https://www.etsy.com/shop/GlitterQueenCreative?ref=shop_sugg_market', 'http://webattraction.ca']"
https://glitterqueencreative.ca/product/rainbow-headband/,200,0.064,Rainbow headband | Glitter Queen Creative,41,"Rainbow headband - Add a touch of style with these rainbow headband, perfect for festival and daily wear.",105,1,2,2,"['https://www.etsy.com/shop/GlitterQueenCreative?ref=shop_sugg_market', 'http://webattraction.ca']"
https://glitterqueencreative.ca/shop/?add-to-cart=2046,200,0.075,Shop Handmade Jewelry & Accessories | Glitter Queen Creative,60,"Shop our collection of bohemian-inspired handmade jewelry, including glasses chains, necklaces, earrings, headwear & sunglasses.",128,0,5,2,"['https://www.etsy.com/shop/GlitterQueenCreative?ref=shop_sugg_market', 'http://webattraction.ca']"
https://glitterqueencreative.ca/product/kids-glam-flower-sunglasses/,200,0.143,Kids Glam Flower Sunglasses | Glitter Queen Creative,52,"Kids Glam Flower Sunglasses - Add a touch of style with these kids glam flower sunglasses, perfect for festival and daily wear.",127,1,2,2,"['https://www.etsy.com/shop/GlitterQueenCreative?ref=shop_sugg_market', 'http://webattraction.ca']"
https://glitterqueencreative.ca/product/kids-flower-fantasy-sunglasses/,200,0.047,Kids Flower Fantasy Sunglasses | Glitter Queen Creative,55,"Kids Flower Fantasy Sunglasses - Add a touch of style with these kids flower fantasy sunglasses, perfect for festival and daily wear.",133,1,2,2,"['https://www.etsy.com/shop/GlitterQueenCreative?ref=shop_sugg_market', 'http://webattraction.ca']"
https://glitterqueencreative.ca/product/hydro-quartz-glasses-chain/,200,0.064,Hydro Quartz Glasses Chain | Glitter Queen Creative,51,"Hydro Quartz Glasses Chain - Add a touch of style with these hydro quartz glasses chain, perfect for festival and daily wear.",125,1,2,2,"['https://www.etsy.com/shop/GlitterQueenCreative?ref=shop_sugg_market', 'http://webattraction.ca']"
https://glitterqueencreative.ca/product/gemstone-pendant-necklace/,200,0.049,Gemstone Pendant Necklace | Glitter Queen Creative,50,"Gemstone Pendant Necklace - Add a touch of style with these gemstone pendant necklace, perfect for festival and daily wear.",123,1,2,2,"['https://www.etsy.com/shop/GlitterQueenCreative?ref=shop_sugg_market', 'http://webattraction.ca']"
https://glitterqueencreative.ca/shop/?add-to-cart=2002,200,0.122,Shop Handmade Jewelry & Accessories | Glitter Queen Creative,60,"Shop our collection of bohemian-inspired handmade jewelry, including glasses chains, necklaces, earrings, headwear & sunglasses.",128,0,5,2,"['https://www.etsy.com/shop/GlitterQueenCreative?ref=shop_sugg_market', 'http://webattraction.ca']"
https://glitterqueencreative.ca/shop/?add-to-cart=2001,200,0.127,Shop Handmade Jewelry & Accessories | Glitter Queen Creative,60,"Shop our collection of bohemian-inspired handmade jewelry, including glasses chains, necklaces, earrings, headwear & sunglasses.",128,0,5,2,"['https://www.etsy.com/shop/GlitterQueenCreative?ref=shop_sugg_market', 'http://webattraction.ca']"
https://glitterqueencreative.ca/product/chrysoprase-and-jade-glasses-chain/,200,0.061,Chrysoprase and Jade Glasses Chain | Glitter Queen Creative,59,"Chrysoprase and Jade Glasses Chain - Add a touch of style with these chrysoprase and jade glasses chain, perfect for festival and daily wear.",141,1,2,2,"['https://www.etsy.com/shop/GlitterQueenCreative?ref=shop_sugg_market', 'http://webattraction.ca']"
https://glitterqueencreative.ca/product/chalcedony-glasses-chain/,200,0.086,Chalcedony Glasses Chain | Glitter Queen Creative,49,"Chalcedony Glasses Chain - Add a touch of style with these chalcedony glasses chain, perfect for festival and daily wear.",121,1,2,2,"['https://www.etsy.com/shop/GlitterQueenCreative?ref=shop_sugg_market', 'http://webattraction.ca']"
https://glitterqueencreative.ca/shop/?add-to-cart=1948,200,0.086,Shop Handmade Jewelry & Accessories | Glitter Queen Creative,60,"Shop our collection of bohemian-inspired handmade jewelry, including glasses chains, necklaces, earrings, headwear & sunglasses.",128,0,5,2,"['https://www.etsy.com/shop/GlitterQueenCreative?ref=shop_sugg_market', 'http://webattraction.ca']"
https://glitterqueencreative.ca/wp-content/uploads/2024/11/Himalayan_Kyanite_and_Jade_Glasses_Chain_image1.jpg,200,0.127,,0,,0,0,0,0,[]
https://glitterqueencreative.ca/wp-content/uploads/2024/11/Amethyst_Glasses_Chain_image1.jpg,200,0.074,,0,,0,1,0,0,[]
https://glitterqueencreative.ca/wp-content/uploads/2024/11/Labradorite_and_Amethyst_Glasses_Chain_image1.jpg,200,0.085,,0,,0,0,0,0,[]
https://glitterqueencreative.ca/wp-content/uploads/2024/11/Chalcedony_and_Blue_Opal_Glasses_Chain_image7.jpg,200,0.084,,0,,0,0,0,0,[]
https://glitterqueencreative.ca/wp-content/uploads/2024/11/Stone_Pendant_Necklace_image2.jpg,200,0.07,,0,,0,0,0,0,[]
https://glitterqueencreative.ca/wp-content/uploads/2024/11/Black_Onyx_and_Pyrite_Gold_Plated_Glasses_Chain_image4-scaled.jpg,200,0.116,,0,,0,0,0,0,[]
https://glitterqueencreative.ca/wp-content/uploads/2024/11/Unakite_Gold_Plated_Glasses_Mask_Chain_image5.jpg,200,0.194,,0,,0,0,0,0,[]
https://glitterqueencreative.ca/wp-content/uploads/2024/11/Rainbow_Headband_image2-scaled.jpg,200,0.137,,0,,0,0,0,0,[]
https://glitterqueencreative.ca/wp-content/uploads/2024/11/Lavender_Opal_Glasses_Chain_image2.jpg,200,0.068,,0,,0,0,0,0,[]
https://glitterqueencreative.ca/wp-content/uploads/2024/11/Unakite_Gold_Plated_Glasses_Mask_Chain_image3-scaled.jpg,200,0.124,,0,,0,0,0,0,[]
https://glitterqueencreative.ca/wp-content/uploads/2024/11/Floral_Headband_image2-scaled.jpg,200,0.119,,0,,0,0,0,0,[]
https://glitterqueencreative.ca/wp-content/uploads/2024/11/White_Wonder_image2.jpg,200,0.132,,0,,0,0,0,0,[]
https://glitterqueencreative.ca/wp-content/uploads/2024/11/Unakite_Necklace_image1-scaled.jpg,200,0.09,,0,,0,0,0,0,[]
https://glitterqueencreative.ca/wp-content/uploads/2024/11/Amethyst_and_Thulite_Glasses_Chain_image1.jpg,200,0.102,,0,,0,0,0,0,[]
https://glitterqueencreative.ca/wp-content/uploads/2024/11/Chocolate_Agate_and_Howlite_Glasses_Chain_image1.jpg,200,0.074,,0,,0,0,0,0,[]
https://glitterqueencreative.ca/wp-content/uploads/2024/11/Youth_Flower_Fantasy_Sunglasses_image6-scaled.jpg,200,0.111,,0,,0,0,0,0,[]
https://glitterqueencreative.ca/wp-content/uploads/2024/11/Peruvian_Blue_Opal_Glasses_Chain_image1-scaled.jpg,200,0.079,,0,,0,0,0,0,[]
https://glitterqueencreative.ca/wp-content/uploads/2024/11/Black_Onyx_and_Pyrite_Gold_Plated_Glasses_Chain_image1-scaled.jpg,200,0.097,,0,,0,0,0,0,[]
https://glitterqueencreative.ca/wp-content/uploads/2024/11/Moonstone_and_Jade_Glasses_Chain_image1-scaled.jpg,200,0.07,,0,,0,0,0,0,[]
https://glitterqueencreative.ca/wp-content/uploads/2024/11/Blue_Topaz_Chalcedony_Crescent_Moon_Earrings_image4-scaled.jpg,200,0.114,,0,,0,0,0,0,[]
https://glitterqueencreative.ca/wp-content/uploads/2024/11/Ruby_Hydro_Glass_and_Ruby_Glasses_Chain_image5-scaled.jpg,200,0.095,,0,,0,0,0,0,[]
https://glitterqueencreative.ca/wp-content/uploads/2024/11/Blue_Topaz_Chalcedony_Crescent_Moon_Earrings_image2-scaled.jpg,200,0.113,,0,,0,0,0,0,[]
https://glitterqueencreative.ca/wp-content/uploads/2024/11/Chalcedony_and_Opal_Glasses_Chain_image8.jpg,200,0.072,,0,,0,0,0,0,[]
https://glitterqueencreative.ca/my-account/lost-password/,200,0.054,My Account | Glitter Queen Creative,35,"Access ""My Account"" to track orders, manage custom design requests, earn loyalty rewards, and shop bohemian-inspired handmade jewelry and accessories.",150,0,2,2,"['https://www.etsy.com/shop/GlitterQueenCreative?ref=shop_sugg_market', 'http://webattraction.ca']"
https://glitterqueencreative.ca/wp-content/uploads/2024/11/Carnelian_and_Jade_Glasses_Chain_image1.jpg,200,0.198,,0,,0,0,0,0,[]
https://glitterqueencreative.ca/wp-content/uploads/2024/11/Kids_Glam_Flower_Sunglasses_image3-scaled.jpg,200,0.117,,0,,0,0,0,0,[]
https://glitterqueencreative.ca/wp-content/uploads/2024/11/Rainbow_Headband_image4-scaled.jpg,200,0.1,,0,,0,0,0,0,[]
https://glitterqueencreative.ca/wp-content/uploads/2024/11/Male-Glasses-Model-3.png,200,0.169,,0,,0,0,0,0,[]
https://glitterqueencreative.ca/wp-content/uploads/2024/11/Youth_Flower_Fantasy_Sunglasses_image3-scaled.jpg,200,0.127,,0,,0,0,0,0,[]
https://glitterqueencreative.ca/wp-content/uploads/2024/11/Chrysoprase_Chalcedony_and_Jade_Glasses_Chain_image2.jpg,200,0.077,,0,,0,0,0,0,[]
https://glitterqueencreative.ca/wp-content/uploads/2024/11/Group-Model-Shot.png,200,0.149,,0,,0,0,0,0,[]
https://glitterqueencreative.ca/wp-content/uploads/2024/11/Female-Glasses-Model.png,200,0.158,,0,,0,0,0,0,[]
https://glitterqueencreative.ca/wp-content/uploads/2024/11/Chalcedony_and_Opal_Glasses_Chain_image4.jpg,200,0.081,,0,,0,0,0,0,[]
https://glitterqueencreative.ca/wp-content/uploads/2024/11/Amazonite_Hydro_Quartz_Glasses_Chain_image2.jpg,200,0.061,,0,,0,0,0,0,[]
https://glitterqueencreative.ca/product/white-wonder/,200,0.085,White Wonder | Glitter Queen Creative,37,"White Wonder - Add a touch of style with these white wonder, perfect for festival and daily wear.",97,1,2,2,"['https://www.etsy.com/shop/GlitterQueenCreative?ref=shop_sugg_market', 'http://webattraction.ca']"
https://glitterqueencreative.ca/wp-content/uploads/2024/11/Youth_Flower_Fantasy_Sunglasses_image4-scaled.jpg,200,0.355,,0,,0,0,0,0,[]
https://glitterqueencreative.ca/product/unakite-and-cats-eye-glasses-chain/,200,0.078,Unakite and Cats Eye Glasses Chain | Glitter Queen Creative,59,"Unakite and Cats Eye Glasses Chain - Add a touch of style with these unakite and cats eye glasses chain, perfect for festival and daily wear.",141,1,2,2,"['https://www.etsy.com/shop/GlitterQueenCreative?ref=shop_sugg_market', 'http://webattraction.ca']"
https://glitterqueencreative.ca/custom-designs/,200,0.121,Glitter Queen Creative: Handmade Jewelry & Custom Designs,57,"Explore Glitter Queen Creative's collection of handmade jewelry & accessories from Vancouver. Discover custom glasses chains, pendants, rhinestone pieces & more",160,1,2,2,"['https://www.etsy.com/shop/GlitterQueenCreative?ref=shop_sugg_market', 'http://webattraction.ca']"
https://glitterqueencreative.ca/product/tigers-eye-and-unakite-glasses-chain/,200,0.055,Tigers Eye and Unakite Glasses Chain | Glitter Queen Creative,61,"Tigers Eye and Unakite Glasses Chain - Add a touch of style with these tigers eye and unakite glasses chain, perfect for festival and daily wear.",145,1,2,2,"['https://www.etsy.com/shop/GlitterQueenCreative?ref=shop_sugg_market', 'http://webattraction.ca']"
https://glitterqueencreative.ca/wp-content/uploads/2024/11/Stone_Pendant_Necklace_image1.jpg,200,0.067,,0,,0,0,0,0,[]
https://glitterqueencreative.ca/product/himalayan-kyanite-and-jade-glasses-chain/,200,0.051,Himalayan Kyanite and Jade Glasses Chain | Glitter Queen Creative,65,"Himalayan Kyanite and Jade Glasses Chain - Add a touch of style with these himalayan kyanite and jade glasses chain, perfect for festival and daily wear.",153,1,2,2,"['https://www.etsy.com/shop/GlitterQueenCreative?ref=shop_sugg_market', 'http://webattraction.ca']"
https://glitterqueencreative.ca/wp-content/uploads/2024/11/Druzy_Pendant_Necklace_image1.jpg,200,0.089,,0,,0,0,0,0,[]
https://glitterqueencreative.ca/product/dendite-opal-and-agate-glasses-chain/,200,0.051,Dendite Opal and Agate Glasses Chain | Glitter Queen Creative,61,"Dendite Opal and Agate Glasses Chain - Add a touch of style with these dendite opal and agate glasses chain, perfect for festival and daily wear.",145,1,2,2,"['https://www.etsy.com/shop/GlitterQueenCreative?ref=shop_sugg_market', 'http://webattraction.ca']"
https://glitterqueencreative.ca/wp-content/uploads/2024/11/Druzy_Glasses_Chain_image1.jpg,200,0.083,,0,,0,0,0,0,[]
https://glitterqueencreative.ca/product/chrysocolla-moonstone-and-jade-glasses-chain/,200,0.054,Chrysocolla Moonstone and Jade Glasses Chain | Glitter Queen Creative,69,"Chrysocolla Moonstone and Jade Glasses Chain - Add a touch of style with these chrysocolla moonstone and jade glasses chain, perfect for festival and daily wear.",161,1,2,2,"['https://www.etsy.com/shop/GlitterQueenCreative?ref=shop_sugg_market', 'http://webattraction.ca']"
https://glitterqueencreative.ca/product/blue-druzy-pendant-necklace/,200,0.055,Blue Druzy Pendant Necklace | Glitter Queen Creative,52,"Blue Druzy Pendant Necklace - Add a touch of style with these blue druzy pendant necklace, perfect for festival and daily wear.",127,1,2,2,"['https://www.etsy.com/shop/GlitterQueenCreative?ref=shop_sugg_market', 'http://webattraction.ca']"
https://glitterqueencreative.ca/product/carnelian-and-jade-glasses-chain/,200,0.057,Carnelian and Jade Glasses Chain | Glitter Queen Creative,57,"Carnelian and Jade Glasses Chain - Add a touch of style with these carnelian and jade glasses chain, perfect for festival and daily wear.",137,1,2,2,"['https://www.etsy.com/shop/GlitterQueenCreative?ref=shop_sugg_market', 'http://webattraction.ca']"
https://glitterqueencreative.ca/wp-content/uploads/2024/11/Botswana_Agate_Pendant_Necklace_image1-scaled.jpg,200,0.091,,0,,0,0,0,0,[]
https://glitterqueencreative.ca/wp-content/uploads/2024/11/Blue_Topaz_Chalcedony_Crescent_Moon_Earrings_image1-scaled.jpg,200,0.122,,0,,0,0,0,0,[]
https://glitterqueencreative.ca/product/banded-onyx-necklace/,200,0.058,Banded Onyx Necklace | Glitter Queen Creative,45,"Banded Onyx Necklace - Add a touch of style with these banded onyx necklace, perfect for festival and daily wear.",113,1,2,2,"['https://www.etsy.com/shop/GlitterQueenCreative?ref=shop_sugg_market', 'http://webattraction.ca']"
https://glitterqueencreative.ca/?add-to-cart=2058,200,0.76,Glitter Queen Creative: Handmade Jewelry & Custom Designs,57,"Explore Glitter Queen Creative's collection of handmade jewelry & accessories from Vancouver. Discover custom glasses chains, pendants, rhinestone pieces & more",160,1,2,2,"['https://www.etsy.com/shop/GlitterQueenCreative?ref=shop_sugg_market', 'http://webattraction.ca']"
https://glitterqueencreative.ca/?add-to-cart=2002,200,0.066,Glitter Queen Creative: Handmade Jewelry & Custom Designs,57,"Explore Glitter Queen Creative's collection of handmade jewelry & accessories from Vancouver. Discover custom glasses chains, pendants, rhinestone pieces & more",160,1,2,2,"['https://www.etsy.com/shop/GlitterQueenCreative?ref=shop_sugg_market', 'http://webattraction.ca']"
https://glitterqueencreative.ca/?add-to-cart=2001,200,0.075,Glitter Queen Creative: Handmade Jewelry & Custom Designs,57,"Explore Glitter Queen Creative's collection of handmade jewelry & accessories from Vancouver. Discover custom glasses chains, pendants, rhinestone pieces & more",160,1,2,2,"['https://www.etsy.com/shop/GlitterQueenCreative?ref=shop_sugg_market', 'http://webattraction.ca']"
https://glitterqueencreative.ca/?add-to-cart=1948,200,0.128,Glitter Queen Creative: Handmade Jewelry & Custom Designs,57,"Explore Glitter Queen Creative's collection of handmade jewelry & accessories from Vancouver. Discover custom glasses chains, pendants, rhinestone pieces & more",160,1,2,2,"['https://www.etsy.com/shop/GlitterQueenCreative?ref=shop_sugg_market', 'http://webattraction.ca']"
https://glitterqueencreative.ca/?add-to-cart=1946,200,0.096,Glitter Queen Creative: Handmade Jewelry & Custom Designs,57,"Explore Glitter Queen Creative's collection of handmade jewelry & accessories from Vancouver. Discover custom glasses chains, pendants, rhinestone pieces & more",160,1,2,2,"['https://www.etsy.com/shop/GlitterQueenCreative?ref=shop_sugg_market', 'http://webattraction.ca']"
https://glitterqueencreative.ca/product/amazonite-hydro-quartz-glasses-chain/,200,0.086,Amazonite Hydro Quartz Glasses Chain | Glitter Queen Creative,61,"Amazonite Hydro Quartz Glasses Chain - Add a touch of style with these amazonite hydro quartz glasses chain, perfect for festival and daily wear.",145,1,2,2,"['https://www.etsy.com/shop/GlitterQueenCreative?ref=shop_sugg_market', 'http://webattraction.ca']"
https://glitterqueencreative.ca/product/amethyst-pendant-necklace/,200,0.084,Amethyst Pendant Necklace | Glitter Queen Creative,50,"Amethyst Pendant Necklace - Add a touch of style with these amethyst pendant necklace, perfect for festival and daily wear.",123,1,2,2,"['https://www.etsy.com/shop/GlitterQueenCreative?ref=shop_sugg_market', 'http://webattraction.ca']"
https://glitterqueencreative.ca/product/angelite-pendant-necklace/,200,0.114,Angelite Pendant Necklace | Glitter Queen Creative,50,"Angelite Pendant Necklace - Add a touch of style with these angelite pendant necklace, perfect for festival and daily wear.",123,1,2,2,"['https://www.etsy.com/shop/GlitterQueenCreative?ref=shop_sugg_market', 'http://webattraction.ca']"
https://glitterqueencreative.ca/product-category/necklaces/?add-to-cart=1947,200,0.893,Necklaces | Glitter Queen Creative,34,"Adorn yourself with elegance and charm from our collection of handcrafted necklaces. Each piece tells a story, featuring gemstones, pendants, and intricate designs that capture the essence of timeless beauty. Perfect for any occasion, our necklaces range from delicate chains to bold statement pieces, each crafted with meticulous attention to detail.",351,0,2,2,"['https://www.etsy.com/shop/GlitterQueenCreative?ref=shop_sugg_market', 'http://webattraction.ca']"
https://glitterqueencreative.ca/product-category/necklaces/?add-to-cart=2001,200,0.084,Necklaces | Glitter Queen Creative,34,"Adorn yourself with elegance and charm from our collection of handcrafted necklaces. Each piece tells a story, featuring gemstones, pendants, and intricate designs that capture the essence of timeless beauty. Perfect for any occasion, our necklaces range from delicate chains to bold statement pieces, each crafted with meticulous attention to detail.",351,0,2,2,"['https://www.etsy.com/shop/GlitterQueenCreative?ref=shop_sugg_market', 'http://webattraction.ca']"
https://glitterqueencreative.ca/product-category/necklaces/?add-to-cart=2058,200,0.071,Necklaces | Glitter Queen Creative,34,"Adorn yourself with elegance and charm from our collection of handcrafted necklaces. Each piece tells a story, featuring gemstones, pendants, and intricate designs that capture the essence of timeless beauty. Perfect for any occasion, our necklaces range from delicate chains to bold statement pieces, each crafted with meticulous attention to detail.",351,0,2,2,"['https://www.etsy.com/shop/GlitterQueenCreative?ref=shop_sugg_market', 'http://webattraction.ca']"
https://glitterqueencreative.ca/product-category/headwear/?add-to-cart=1946,200,1.033,Headwear | Glitter Queen Creative,33,"Add a touch of bohemian chic to your style with our collection of headwear. From festival-ready headbands adorned with rhinestones to everyday hair clips and accessories, our headwear is designed to make you stand out. Crafted to blend fashion and functionality, these pieces are perfect for expressing your unique personality",326,0,4,2,"['https://www.etsy.com/shop/GlitterQueenCreative?ref=shop_sugg_market', 'http://webattraction.ca']"
https://glitterqueencreative.ca/product-category/headwear/?add-to-cart=2002,200,0.194,Headwear | Glitter Queen Creative,33,"Add a touch of bohemian chic to your style with our collection of headwear. From festival-ready headbands adorned with rhinestones to everyday hair clips and accessories, our headwear is designed to make you stand out. Crafted to blend fashion and functionality, these pieces are perfect for expressing your unique personality",326,0,4,2,"['https://www.etsy.com/shop/GlitterQueenCreative?ref=shop_sugg_market', 'http://webattraction.ca']"
https://glitterqueencreative.ca/product-category/headwear/?add-to-cart=2046,200,0.095,Headwear | Glitter Queen Creative,33,"Add a touch of bohemian chic to your style with our collection of headwear. From festival-ready headbands adorned with rhinestones to everyday hair clips and accessories, our headwear is designed to make you stand out. Crafted to blend fashion and functionality, these pieces are perfect for expressing your unique personality",326,0,4,2,"['https://www.etsy.com/shop/GlitterQueenCreative?ref=shop_sugg_market', 'http://webattraction.ca']"
https://glitterqueencreative.ca/product-category/headwear/?add-to-cart=2368,200,0.091,Headwear | Glitter Queen Creative,33,"Add a touch of bohemian chic to your style with our collection of headwear. From festival-ready headbands adorned with rhinestones to everyday hair clips and accessories, our headwear is designed to make you stand out. Crafted to blend fashion and functionality, these pieces are perfect for expressing your unique personality",326,0,4,2,"['https://www.etsy.com/shop/GlitterQueenCreative?ref=shop_sugg_market', 'http://webattraction.ca']"
https://glitterqueencreative.ca/product-category/earrings/?add-to-cart=1948,200,0.7,Earrings | Glitter Queen Creative,33,"Frame your face with stunning handcrafted earrings that showcase your style and spirit. Our collection includes everything from minimalist studs to bold statement earrings with feather or gemstone details. Designed to complement any outfit, each pair is crafted with care, offering a touch of sophistication, whimsy, or dazzling charm.",335,0,2,2,"['https://www.etsy.com/shop/GlitterQueenCreative?ref=shop_sugg_market', 'http://webattraction.ca']"
https://glitterqueencreative.ca/product-category/bracelets/?add-to-cart=2058,200,0.733,Glitter Queen Creative: Handmade Jewelry & Custom Designs,57,"Explore Glitter Queen Creative's collection of handmade jewelry & accessories from Vancouver. Discover custom glasses chains, pendants, rhinestone pieces & more",160,1,2,2,"['https://www.etsy.com/shop/GlitterQueenCreative?ref=shop_sugg_market', 'http://webattraction.ca']"
https://glitterqueencreative.ca/product-category/bracelets/?add-to-cart=2002,200,0.135,Glitter Queen Creative: Handmade Jewelry & Custom Designs,57,"Explore Glitter Queen Creative's collection of handmade jewelry & accessories from Vancouver. Discover custom glasses chains, pendants, rhinestone pieces & more",160,1,2,2,"['https://www.etsy.com/shop/GlitterQueenCreative?ref=shop_sugg_market', 'http://webattraction.ca']"
https://glitterqueencreative.ca/product-category/bracelets/?add-to-cart=2001,200,0.105,Glitter Queen Creative: Handmade Jewelry & Custom Designs,57,"Explore Glitter Queen Creative's collection of handmade jewelry & accessories from Vancouver. Discover custom glasses chains, pendants, rhinestone pieces & more",160,1,2,2,"['https://www.etsy.com/shop/GlitterQueenCreative?ref=shop_sugg_market', 'http://webattraction.ca']"
https://glitterqueencreative.ca/product-category/bracelets/?add-to-cart=1948,200,0.099,Glitter Queen Creative: Handmade Jewelry & Custom Designs,57,"Explore Glitter Queen Creative's collection of handmade jewelry & accessories from Vancouver. Discover custom glasses chains, pendants, rhinestone pieces & more",160,1,2,2,"['https://www.etsy.com/shop/GlitterQueenCreative?ref=shop_sugg_market', 'http://webattraction.ca']"
https://glitterqueencreative.ca/product-category/bracelets/?add-to-cart=1946,200,0.147,Glitter Queen Creative: Handmade Jewelry & Custom Designs,57,"Explore Glitter Queen Creative's collection of handmade jewelry & accessories from Vancouver. Discover custom glasses chains, pendants, rhinestone pieces & more",160,1,2,2,"['https://www.etsy.com/shop/GlitterQueenCreative?ref=shop_sugg_market', 'http://webattraction.ca']"
https://glitterqueencreative.ca/cdn-cgi/l/email-protection#f2959e9b86869780838797979c91809793869b8497b2959f939b9edc919d9f,200,0.038,Email Protection | Cloudflare,29,,0,1,0,2,"['https://support.cloudflare.com/hc/en-us/articles/200170016-What-is-Email-Address-Obfuscation-', 'https://support.cloudflare.com/hc/en-us/categories/200275218-Getting-Started']"
https://glitterqueencreative.ca/cdn-cgi/l/email-protection#b6d1dadfc2c2d3c4c7c3d3d3d8d5c4d3d7c2dfc0d3f6d1dbd7dfda98d5d9db,200,0.036,Email Protection | Cloudflare,29,,0,1,0,2,"['https://support.cloudflare.com/hc/en-us/articles/200170016-What-is-Email-Address-Obfuscation-', 'https://support.cloudflare.com/hc/en-us/categories/200275218-Getting-Started']"
https://glitterqueencreative.ca/wp-content/uploads/2024/11/Gold-Paper-e1731406476700.png?add-to-cart=2058,200,0.258,Glitter Queen Creative: Handmade Jewelry & Custom Designs,57,"Explore Glitter Queen Creative's collection of handmade jewelry & accessories from Vancouver. Discover custom glasses chains, pendants, rhinestone pieces & more",160,1,2,3,"['http://c07.83a.myftpupload.com/my-account/', 'https://www.etsy.com/shop/GlitterQueenCreative?ref=shop_sugg_market', 'http://webattraction.ca']"
https://glitterqueencreative.ca/wp-content/uploads/2024/11/Gold-Paper-e1731406476700.png?add-to-cart=2002,200,0.129,Glitter Queen Creative: Handmade Jewelry & Custom Designs,57,"Explore Glitter Queen Creative's collection of handmade jewelry & accessories from Vancouver. Discover custom glasses chains, pendants, rhinestone pieces & more",160,1,2,2,"['https://www.etsy.com/shop/GlitterQueenCreative?ref=shop_sugg_market', 'http://webattraction.ca']"
https://glitterqueencreative.ca/wp-content/uploads/2024/11/Gold-Paper-e1731406476700.png?add-to-cart=2001,200,0.095,Glitter Queen Creative: Handmade Jewelry & Custom Designs,57,"Explore Glitter Queen Creative's collection of handmade jewelry & accessories from Vancouver. Discover custom glasses chains, pendants, rhinestone pieces & more",160,1,2,2,"['https://www.etsy.com/shop/GlitterQueenCreative?ref=shop_sugg_market', 'http://webattraction.ca']"
https://glitterqueencreative.ca/wp-content/uploads/2024/11/Gold-Paper-e1731406476700.png?add-to-cart=1948,200,0.095,Glitter Queen Creative: Handmade Jewelry & Custom Designs,57,"Explore Glitter Queen Creative's collection of handmade jewelry & accessories from Vancouver. Discover custom glasses chains, pendants, rhinestone pieces & more",160,1,2,2,"['https://www.etsy.com/shop/GlitterQueenCreative?ref=shop_sugg_market', 'http://webattraction.ca']"
https://glitterqueencreative.ca/wp-content/uploads/2024/11/Gold-Paper-e1731406476700.png?add-to-cart=1946,200,0.112,Glitter Queen Creative: Handmade Jewelry & Custom Designs,57,"Explore Glitter Queen Creative's collection of handmade jewelry & accessories from Vancouver. Discover custom glasses chains, pendants, rhinestone pieces & more",160,1,2,2,"['https://www.etsy.com/shop/GlitterQueenCreative?ref=shop_sugg_market', 'http://webattraction.ca']"
https://glitterqueencreative.ca/product-category/uncategorized/,200,0.052,Uncategorized Archives | Glitter Queen Creative,47,,0,0,3,2,"['https://www.etsy.com/shop/GlitterQueenCreative?ref=shop_sugg_market', 'http://webattraction.ca']"
https://glitterqueencreative.ca/wp-content/uploads/2024/12/1000025867-1-scaled.jpg,200,0.13,,0,,0,0,0,0,[]
https://glitterqueencreative.ca/wp-content/uploads/2024/12/1000025869-1-scaled.jpg,200,0.107,,0,,0,0,0,0,[]
https://glitterqueencreative.ca/wp-content/uploads/2024/12/1000025868-1-scaled.jpg,200,0.269,,0,,0,0,0,0,[]
https://glitterqueencreative.ca/wp-content/uploads/2024/12/1000025870-1-scaled.jpg,200,0.123,,0,,0,0,0,0,[]
https://glitterqueencreative.ca/wp-content/uploads/2024/12/4.5inch-unicorn-horn.jpeg,200,0.1,,0,,0,0,0,0,[]
https://glitterqueencreative.ca/wp-content/uploads/2024/12/5.5-inch-unicorn-horn.jpeg,200,0.065,,0,,0,0,0,0,[]
https://glitterqueencreative.ca/product/peruvian-opal-glasses-chain/,200,0.049,Peruvian Opal Glasses Chain | Glitter Queen Creative,52,"Peruvian Opal Glasses Chain - Add a touch of style with these peruvian opal glasses chain, perfect for festival and daily wear.",127,1,2,2,"['https://www.etsy.com/shop/GlitterQueenCreative?ref=shop_sugg_market', 'http://webattraction.ca']"
https://glitterqueencreative.ca/product/ruby-hydro-glass-and-ruby-glasses-chain/,200,0.084,Ruby Hydro Glass and Ruby Glasses Chain | Glitter Queen Creative,64,"Ruby Hydro Glass and Ruby Glasses Chain - Add a touch of style with these ruby hydro glass and ruby glasses chain, perfect for festival and daily wear.",151,1,2,2,"['https://www.etsy.com/shop/GlitterQueenCreative?ref=shop_sugg_market', 'http://webattraction.ca']"
https://glitterqueencreative.ca/product/labradorite-and-amethyst-glasses-chain/,200,0.077,Labradorite and Amethyst Glasses Chain | Glitter Queen Creative,63,"Labradorite and Amethyst Glasses Chain - Add a touch of style with these labradorite and amethyst glasses chain, perfect for festival and daily wear.",149,1,2,2,"['https://www.etsy.com/shop/GlitterQueenCreative?ref=shop_sugg_market', 'http://webattraction.ca']"
https://glitterqueencreative.ca/wp-content/uploads/2024/11/Kids_Glam_Flower_Sunglasses_image1-scaled.jpg,200,0.223,,0,,0,0,0,0,[]
https://glitterqueencreative.ca/wp-content/uploads/2024/11/Kids_Flower_Fantasy_Sunglasses_image5-scaled.jpg,200,0.18,,0,,0,0,0,0,[]
https://glitterqueencreative.ca/product/chrysocolla-glasses-chain/,200,0.064,Chrysocolla Glasses Chain | Glitter Queen Creative,50,"Chrysocolla Glasses Chain - Add a touch of style with these chrysocolla glasses chain, perfect for festival and daily wear.",123,1,2,2,"['https://www.etsy.com/shop/GlitterQueenCreative?ref=shop_sugg_market', 'http://webattraction.ca']"
https://glitterqueencreative.ca/product/chrysoprase-buddha-earrings/,200,0.071,Chrysoprase Buddha Earrings | Glitter Queen Creative,52,"Chrysoprase Buddha Earrings - Add a touch of style with these chrysoprase buddha earrings, perfect for festival and daily wear.",127,1,2,2,"['https://www.etsy.com/shop/GlitterQueenCreative?ref=shop_sugg_market', 'http://webattraction.ca']"
https://glitterqueencreative.ca/wp-content/uploads/2024/11/Chrysoprase_and_Jade_Glasses_Chain_image1.jpg,200,0.073,,0,,0,0,0,0,[]
https://glitterqueencreative.ca/product/chalcedony-and-jade-glasses-chain/,200,0.063,Chalcedony and Jade Glasses Chain | Glitter Queen Creative,58,"Chalcedony and Jade Glasses Chain - Add a touch of style with these chalcedony and jade glasses chain, perfect for festival and daily wear.",139,1,2,2,"['https://www.etsy.com/shop/GlitterQueenCreative?ref=shop_sugg_market', 'http://webattraction.ca']"
https://glitterqueencreative.ca/wp-content/uploads/2024/11/Chalcedony_Glasses_Chain_image1.jpg,200,0.093,,0,,0,0,0,0,[]
https://glitterqueencreative.ca/product/tigers-eye-glasses-chain/,200,0.069,Tiger's Eye Glasses Chain | Glitter Queen Creative,50,"Tiger's Eye Glasses Chain - Add a touch of style with these tiger's eye glasses chain, perfect for festival and daily wear.",123,1,2,2,"['https://www.etsy.com/shop/GlitterQueenCreative?ref=shop_sugg_market', 'http://webattraction.ca']"
https://glitterqueencreative.ca/product/unakite-gold-plated-glasses-mask-chain/,200,0.052,Unakite Gold Plated Glasses/mask Chain | Glitter Queen Creative,63,"Unakite Gold Plated Glasses/mask Chain - Add a touch of style with these unakite gold plated glasses/mask chain, perfect for festival and daily wear.",149,1,2,2,"['https://www.etsy.com/shop/GlitterQueenCreative?ref=shop_sugg_market', 'http://webattraction.ca']"
https://glitterqueencreative.ca/custom-designs/?add-to-cart=2058,200,0.978,Glitter Queen Creative: Handmade Jewelry & Custom Designs,57,"Explore Glitter Queen Creative's collection of handmade jewelry & accessories from Vancouver. Discover custom glasses chains, pendants, rhinestone pieces & more",160,1,2,2,"['https://www.etsy.com/shop/GlitterQueenCreative?ref=shop_sugg_market', 'http://webattraction.ca']"
https://glitterqueencreative.ca/custom-designs/?add-to-cart=2002,200,0.17,Glitter Queen Creative: Handmade Jewelry & Custom Designs,57,"Explore Glitter Queen Creative's collection of handmade jewelry & accessories from Vancouver. Discover custom glasses chains, pendants, rhinestone pieces & more",160,1,2,2,"['https://www.etsy.com/shop/GlitterQueenCreative?ref=shop_sugg_market', 'http://webattraction.ca']"
https://glitterqueencreative.ca/custom-designs/?add-to-cart=2001,200,0.16,Glitter Queen Creative: Handmade Jewelry & Custom Designs,57,"Explore Glitter Queen Creative's collection of handmade jewelry & accessories from Vancouver. Discover custom glasses chains, pendants, rhinestone pieces & more",160,1,2,2,"['https://www.etsy.com/shop/GlitterQueenCreative?ref=shop_sugg_market', 'http://webattraction.ca']"
https://glitterqueencreative.ca/custom-designs/?add-to-cart=1948,200,0.134,Glitter Queen Creative: Handmade Jewelry & Custom Designs,57,"Explore Glitter Queen Creative's collection of handmade jewelry & accessories from Vancouver. Discover custom glasses chains, pendants, rhinestone pieces & more",160,1,2,2,"['https://www.etsy.com/shop/GlitterQueenCreative?ref=shop_sugg_market', 'http://webattraction.ca']"
https://glitterqueencreative.ca/custom-designs/?add-to-cart=1946,200,0.144,Glitter Queen Creative: Handmade Jewelry & Custom Designs,57,"Explore Glitter Queen Creative's collection of handmade jewelry & accessories from Vancouver. Discover custom glasses chains, pendants, rhinestone pieces & more",160,1,2,2,"['https://www.etsy.com/shop/GlitterQueenCreative?ref=shop_sugg_market', 'http://webattraction.ca']"
https://glitterqueencreative.ca/wp-content/uploads/2024/11/Tigers_Eye_and_Unakite_Glasses_Chain_image1.jpg,200,0.068,,0,,0,0,0,0,[]
https://glitterqueencreative.ca/product/chrysoprase-chalcedony-and-mystic-chrysoprase-glasses-chain/,200,0.055,Chrysoprase Chalcedony and Mystic Chrysoprase Glasses Chain | Glitter Queen Creative,84,"Chrysoprase Chalcedony and Mystic Chrysoprase Glasses Chain - Add a touch of style with these chrysoprase chalcedony and mystic chrysoprase glasses chain, perfect for festival and daily wear.",191,1,2,2,"['https://www.etsy.com/shop/GlitterQueenCreative?ref=shop_sugg_market', 'http://webattraction.ca']"
https://glitterqueencreative.ca/product/dendrite-opal-and-gold-pyrite-glasses-chain/,200,0.099,Dendrite Opal and Gold Pyrite Glasses Chain | Glitter Queen Creative,68,"Dendrite Opal and Gold Pyrite Glasses Chain - Add a touch of style with these dendrite opal and gold pyrite glasses chain, perfect for festival and daily wear.",159,1,2,2,"['https://www.etsy.com/shop/GlitterQueenCreative?ref=shop_sugg_market', 'http://webattraction.ca']"
https://glitterqueencreative.ca/wp-content/uploads/2024/11/Dendrite_Opal_and_Agate_Glasses_Chain_image1-scaled.jpg,200,0.145,,0,,0,0,0,0,[]
https://glitterqueencreative.ca/wp-content/uploads/2024/11/Chrysocolla_Moonstone_and_Jade_Glasses_Chain_image1-scaled.jpg,200,0.1,,0,,0,1,0,0,[]
https://glitterqueencreative.ca/wp-content/uploads/2024/11/Blue_Druzy_Pendant_Necklace_image1.jpg,200,0.075,,0,,0,0,0,0,[]
https://glitterqueencreative.ca/product/chalcedony-and-blue-opal-glasses-chain/,200,0.057,Chalcedony and Blue Opal Glasses Chain | Glitter Queen Creative,63,"Chalcedony and Blue Opal Glasses Chain - Add a touch of style with these chalcedony and blue opal glasses chain, perfect for festival and daily wear.",149,1,2,2,"['https://www.etsy.com/shop/GlitterQueenCreative?ref=shop_sugg_market', 'http://webattraction.ca']"
https://glitterqueencreative.ca/product/aqua-blue-hydro-quartz-glass-and-amazonite-glasses-chain/,200,0.064,Aqua Blue Hydro Quartz Glass and Amazonite Glasses Chain | Glitter Queen Creative,81,"Aqua Blue Hydro Quartz Glass and Amazonite Glasses Chain - Add a touch of style with these aqua blue hydro quartz glass and amazonite glasses chain, perfect for festival and daily wear.",185,1,2,2,"['https://www.etsy.com/shop/GlitterQueenCreative?ref=shop_sugg_market', 'http://webattraction.ca']"
https://glitterqueencreative.ca/product/beryl-sapphire-earrings/,200,0.051,Beryl Sapphire Earrings | Glitter Queen Creative,48,"Beryl Sapphire Earrings - Add a touch of style with these beryl sapphire earrings, perfect for festival and daily wear.",119,1,2,2,"['https://www.etsy.com/shop/GlitterQueenCreative?ref=shop_sugg_market', 'http://webattraction.ca']"
https://glitterqueencreative.ca/wp-content/uploads/2024/11/Banded_Onyx_Necklace_image1-scaled.jpg,200,0.106,,0,,0,0,0,0,[]
https://glitterqueencreative.ca/product/amethyst-and-thulite-glasses-chain/,200,0.108,Amethyst and Thulite Glasses Chain | Glitter Queen Creative,59,"Amethyst and Thulite Glasses Chain - Add a touch of style with these amethyst and thulite glasses chain, perfect for festival and daily wear.",141,1,2,2,"['https://www.etsy.com/shop/GlitterQueenCreative?ref=shop_sugg_market', 'http://webattraction.ca']"
https://glitterqueencreative.ca/wp-content/uploads/2024/11/Amazonite_Hydro_Quartz_Glasses_Chain_image1.jpg,200,0.12,,0,,0,0,0,0,[]
https://glitterqueencreative.ca/product/amethyst-glasses-chain/,200,0.095,Amethyst Glasses Chain | Glitter Queen Creative,47,"Amethyst Glasses Chain - Add a touch of style with these amethyst glasses chain, perfect for festival and daily wear.",117,1,2,2,"['https://www.etsy.com/shop/GlitterQueenCreative?ref=shop_sugg_market', 'http://webattraction.ca']"
https://glitterqueencreative.ca/wp-content/uploads/2024/11/Amethyst_Pendant_Necklace_image1.jpg,200,0.117,,0,,0,0,0,0,[]
https://glitterqueencreative.ca/wp-content/uploads/2024/11/Angelite_Pendant_Necklace_image2.jpg,200,0.127,,0,,0,0,0,0,[]
https://glitterqueencreative.ca/product/opal-and-rhodonite-glasses-chain/,200,0.052,Opal and Rhodonite Glasses Chain | Glitter Queen Creative,57,"Opal and Rhodonite Glasses Chain - Add a touch of style with these opal and rhodonite glasses chain, perfect for festival and daily wear.",137,1,2,2,"['https://www.etsy.com/shop/GlitterQueenCreative?ref=shop_sugg_market', 'http://webattraction.ca']"
https://glitterqueencreative.ca/product/prehnite-and-cats-eye-glasses-chain/,200,0.085,Prehnite and Cats Eye Glasses Chain | Glitter Queen Creative,60,"Prehnite and Cats Eye Glasses Chain - Add a touch of style with these prehnite and cats eye glasses chain, perfect for festival and daily wear.",143,1,2,2,"['https://www.etsy.com/shop/GlitterQueenCreative?ref=shop_sugg_market', 'http://webattraction.ca']"
https://glitterqueencreative.ca/wp-content/uploads/2024/11/Peruvian_Opal_Glasses_Chain_image1.jpg,200,0.071,,0,,0,0,0,0,[]
https://glitterqueencreative.ca/wp-content/uploads/2024/11/Ruby_Hydro_Glass_and_Ruby_Glasses_Chain_image1.jpg,200,0.09,,0,,0,0,0,0,[]
https://glitterqueencreative.ca/product/moonstone-and-jade-glasses-chain/,200,0.06,Moonstone and Jade Glasses Chain | Glitter Queen Creative,57,"Moonstone and Jade Glasses Chain - Add a touch of style with these moonstone and jade glasses chain, perfect for festival and daily wear.",137,1,2,2,"['https://www.etsy.com/shop/GlitterQueenCreative?ref=shop_sugg_market', 'http://webattraction.ca']"
https://glitterqueencreative.ca/product/cookie-cookie/,200,0.106,Cookie Cookie | Glitter Queen Creative,38,"Cookie Cookie - Add a touch of style with these cookie cookie, perfect for festival and daily wear.",99,1,2,2,"['https://www.etsy.com/shop/GlitterQueenCreative?ref=shop_sugg_market', 'http://webattraction.ca']"
https://glitterqueencreative.ca/wp-content/uploads/2024/11/Chrysoprase_Buddha_Earrings_image1-scaled.jpg,200,0.103,,0,,0,0,0,0,[]
https://glitterqueencreative.ca/product/chalcedony-and-opal-glasses-chain/,200,0.077,Chalcedony and Opal Glasses Chain | Glitter Queen Creative,58,"Chalcedony and Opal Glasses Chain - Add a touch of style with these chalcedony and opal glasses chain, perfect for festival and daily wear.",139,1,2,2,"['https://www.etsy.com/shop/GlitterQueenCreative?ref=shop_sugg_market', 'http://webattraction.ca']"
https://glitterqueencreative.ca/wp-content/uploads/2024/11/Unakite_Gold_Plated_Glasses_Mask_Chain_image1-scaled.jpg,200,0.106,,0,,0,0,0,0,[]
https://glitterqueencreative.ca/wp-content/uploads/2024/11/Chrysoprase_Chalcedony_and_Mystic_Chrysoprase_Glasses_Chain_image1.jpg,200,0.091,,0,,0,0,0,0,[]
https://glitterqueencreative.ca/wp-content/uploads/2024/11/Dendrite_Opal_and_Gold_Pyrite_Glasses_Chain_image1-scaled.jpg,200,0.148,,0,,0,0,0,0,[]
https://glitterqueencreative.ca/wp-content/uploads/2024/11/Chalcedony_and_Blue_Opal_Glasses_Chain_image1.jpg,200,0.117,,0,,0,0,0,0,[]
https://glitterqueencreative.ca/wp-content/uploads/2024/11/Aqua_Blue_Hydro_Quartz_and_Amazonite_Glasses_Chain_image1.jpg,200,0.124,,0,,0,0,0,0,[]
https://glitterqueencreative.ca/wp-content/uploads/2024/11/Beryl_Sapphire_Earrings_image1-scaled.jpg,200,0.187,,0,,0,0,0,0,[]
https://glitterqueencreative.ca/product/amethyst-and-chrysoprase-glasses-chain/,200,0.059,Amethyst and Chrysoprase Glasses Chain | Glitter Queen Creative,63,"Amethyst and Chrysoprase Glasses Chain - Add a touch of style with these amethyst and chrysoprase glasses chain, perfect for festival and daily wear.",149,1,2,2,"['https://www.etsy.com/shop/GlitterQueenCreative?ref=shop_sugg_market', 'http://webattraction.ca']"
https://glitterqueencreative.ca/product/lavender-opal-glasses-chain/,200,0.048,Lavender Opal Glasses Chain | Glitter Queen Creative,52,"Lavender Opal Glasses Chain - Add a touch of style with these lavender opal glasses chain, perfect for festival and daily wear.",127,1,2,2,"['https://www.etsy.com/shop/GlitterQueenCreative?ref=shop_sugg_market', 'http://webattraction.ca']"
https://glitterqueencreative.ca/product/peruvian-blue-opal-glasses-chain/,200,0.049,Peruvian Blue Opal Glasses Chain | Glitter Queen Creative,57,"Peruvian Blue Opal Glasses Chain - Add a touch of style with these peruvian blue opal glasses chain, perfect for festival and daily wear.",137,1,2,2,"['https://www.etsy.com/shop/GlitterQueenCreative?ref=shop_sugg_market', 'http://webattraction.ca']"
https://glitterqueencreative.ca/wp-content/uploads/2024/11/Opal_and_Rhodonite_Glasses_Chain_image1.jpg,200,0.557,,0,,0,0,0,0,[]
https://glitterqueencreative.ca/wp-content/uploads/2024/11/Prehnite_and_Cats_Eye_Glasses_Chain_image1.jpg,200,0.072,,0,,0,0,0,0,[]
https://glitterqueencreative.ca/wp-content/uploads/2024/11/Chalcedony_and_Opal_Glasses_Chain_image1.jpg,200,0.084,,0,,0,0,0,0,[]
https://glitterqueencreative.ca/wp-content/uploads/2024/11/Amethyst_and_Chrysoprase_Glasses_Chain_image1.jpg,200,0.08,,0,,0,0,0,0,[]
https://glitterqueencreative.ca/wp-content/uploads/2024/11/Lavender_Opal_Glasses_Chain_image1-scaled.jpg,200,0.095,,0,,0,0,0,0,[]
